Handle,Title,Body (HTML),Vendor,Product Category,Type,Tags,Published,Option1 Name,Option1 Value,Option1 Linked To,Option2 Name,Option2 Value,Option2 Linked To,Option3 Name,Option3 Value,Option3 Linked To,Variant SKU,Variant Grams,Variant Inventory Tracker,Variant Inventory Qty,Variant Inventory Policy,Variant Fulfillment Service,Variant Price,Variant Compare At Price,Variant Requires Shipping,Variant Taxable,Unit Price Total Measure,Unit Price Total Measure Unit,Unit Price Base Measure,Unit Price Base Measure Unit,Variant Barcode,Image Src,Image Position,Image Alt Text,Gift Card,SEO Title,SEO Description,Google Shopping / Google Product Category,Google Shopping / Gender,Google Shopping / Age Group,Google Shopping / MPN,Google Shopping / Condition,Google Shopping / Custom Product,Google Shopping / Custom Label 0,Google Shopping / Custom Label 1,Google Shopping / Custom Label 2,Google Shopping / Custom Label 3,Google Shopping / Custom Label 4,Google: Custom Product (product.metafields.mm-google-shopping.custom_product),Cleaning surfaces (product.metafields.shopify.cleaning-surfaces),Color (product.metafields.shopify.color-pattern),Dispenser type (product.metafields.shopify.dispenser-type),Fabric (product.metafields.shopify.fabric),Item style (product.metafields.shopify.item-style),Neckline (product.metafields.shopify.neckline),Personalization design (product.metafields.shopify.personalization-design),Size (product.metafields.shopify.size),Theme (product.metafields.shopify.theme),Variant Image,Variant Weight Unit,Variant Tax Code,Cost per item,Status
11-11,11:11,"<p><meta charset=""utf-8"">In the past, matchboxes with Lucky Numbers were highly sought after.11:11 is serendipitous.<br>A sign of something meant to be. Make a wish before you strike.<br></p>
<!-- Accordion Sections -->
<div class=""product-accordion"">
<details>
<summary><strong>Materials</strong></summary>
<ul>
<li>Ivory-finished wood</li>
<li>Safety matches</li>
<li>Striking surface</li>
</ul>
</details>
<details>
<summary><strong>Specifications</strong></summary>
<ul>
<li>Dual magnetic closures on both sides</li>
<li>Dimensions: 68mm × 48mm × 22mm</li>
<li>Includes two spare striker sheet</li>
</ul>
</details>
<details>
<summary><strong>Shipping</strong></summary>
<ul>
<li>Domestic delivery: 4–5 days after dispatch</li>
<li>International delivery: 15–20 days</li>
</ul>
<p><strong>Note for international orders:</strong> We can’t ship flammable materials across borders, so matchsticks won’t be included. You can refill with any regular-size matchsticks found at most local stores.</p>
</details>
<details>
<summary><strong>Care &amp; Safety</strong></summary>
<ul>
<li>Store at room temperature (20–25°C) - wood expands and contracts with humidity</li>
<li>Refill with any regular-size matchsticks once used up</li>
<li>Replace striker sheet when worn - peel and paste to reuse</li>
<li>Burn within sight. Keep away from combustibles, children, and pets</li>
</ul>
</details>
</div>",Maachis,Home & Garden > Household Supplies,"","Handmade, Indian Matchboxes, Maachis, Vintage",true,Title,Default Title,,,,,,,,,33.0,,-4,continue,manual,999.00,,true,false,,,,,,https://cdn.shopify.com/s/files/1/0852/6096/0021/files/11_11.png?v=1759232480,1,"",false,,,,,,,,,,,,,,,,beige; red,,,,,,,,,g,,,active
11-11,,,,,,,,,,,,,,,,,,,,,,,,,,,,,,,,https://cdn.shopify.com/s/files/1/0852/6096/0021/files/Back_2746a058-7bdd-4038-9e28-fb25eba9c5c0.png?v=1759232480,2,"",,,,,,,,,,,,,,,,,,,,,,,,,,,,,
11-11,,,,,,,,,,,,,,,,,,,,,,,,,,,,,,,,https://cdn.shopify.com/s/files/1/0852/6096/0021/files/Side_6e5727a0-2002-4571-99ca-06ae16888116.png?v=1759232482,3,"",,,,,,,,,,,,,,,,,,,,,,,,,,,,,
gift-wrap,Add gift wrap,"",Maachis,Arts & Entertainment > Party & Celebration > Gift Giving > Gift Wrapping > Wrapping Paper,"","",true,Title,Default Title,,,,,,,,'100,0.0,,-25,deny,manual,30.00,,false,false,,,,,"",https://cdn.shopify.com/s/files/1/0852/6096/0021/files/Gift_Wrap.png?v=1756735255,1,"",false,,,,,,,,,,,,,,,,,,,,,,,,,g,,,active
anti-nazar-gift-matchbox,Anti Nazar Matchbox,"<meta charset=""utf-8"">
<p>Nazar battu and nimbu-mirchi are centuries-old talismans, commonly seen guarding everything from homes to trucks.</p>
<p>Now introducing a two-in-one portable anti nazar matchbox - proven effective against your unfriendly neighbourhood uncles and aunties.</p>
<!-- Accordion Sections -->
<div class=""product-accordion"">
<details> <summary><strong>Materials</strong></summary>
<ul>
<li>Ivory-finished wood</li>
<li>Safety matches</li>
<li>Striking surface</li>
</ul>
</details> <details> <summary><strong>Specifications</strong></summary>
<ul>
<li>Dual magnetic closures on both sides</li>
<li>Dimensions: 68mm × 48mm × 22mm</li>
<li>Includes two spare striker sheet</li>
</ul>
</details> <details> <summary><strong>Shipping</strong></summary>
<ul>
<li>Domestic delivery: 4–5 days after dispatch</li>
<li>International delivery: 15–20 days</li>
</ul>
<p><strong>Note for international orders:</strong> We can’t ship flammable materials across borders, so matchsticks won’t be included. You can refill with any regular-size matchsticks found at most local stores.</p>
</details> <details> <summary><strong>Care &amp; Safety</strong></summary>
<ul>
<li>Store at room temperature (20–25°C) - wood expands and contracts with humidity</li>
<li>Refill with any regular-size matchsticks once used up</li>
<li>Replace striker sheet when worn - peel and paste to reuse</li>
<li>Burn within sight. Keep away from combustibles, children, and pets</li>
</ul>
</details>
</div>",Maachis,Home & Garden,Matchboxes,"Handmade, Indian Matchboxes, Maachis, Vintage",true,Color,handpainted-black-box,product.metafields.shopify.color-pattern,,,,,,,,33.0,shopify,26,deny,manual,1200.00,,true,false,,,,,"",https://cdn.shopify.com/s/files/1/0852/6096/0021/files/Frame48097619.png?v=1759753982,1,"",false,,,536,,,,,,,,,,,,hard-surfaces,handpainted-black-box; wood-base,box,,,,,,,https://cdn.shopify.com/s/files/1/0852/6096/0021/files/Frame48097619.png?v=1759753982,g,,,active
anti-nazar-gift-matchbox,,,,,,,,,wood-base,,,,,,,,,33.0,shopify,39,deny,manual,999.00,,true,false,,,,,"",https://cdn.shopify.com/s/files/1/0852/6096/0021/files/Anti_nazar_front_wood_base_c15fe736-081d-4a41-8fc6-cec793c9b26f.png?v=1759816384,2,"",,,,,,,,,,,,,,,,,,,,,,,,,https://cdn.shopify.com/s/files/1/0852/6096/0021/files/Anti_nazar_front_wood_base_c15fe736-081d-4a41-8fc6-cec793c9b26f.png?v=1759816384,g,,,
anti-nazar-gift-matchbox,,,,,,,,,,,,,,,,,,,,,,,,,,,,,,,,https://cdn.shopify.com/s/files/1/0852/6096/0021/files/Anti_Nazar_Back.png?v=1760527399,3,"",,,,,,,,,,,,,,,,,,,,,,,,,,,,,
anti-nazar-gift-matchbox,,,,,,,,,,,,,,,,,,,,,,,,,,,,,,,,https://cdn.shopify.com/s/files/1/0852/6096/0021/files/Inside_the_box.png?v=1760538792,4,"",,,,,,,,,,,,,,,,,,,,,,,,,,,,,
anti-nazar,Anti Nazar Postcard,"<p>Nazar battu and nimbu-mirchi are centuries-old talismans, commonly seen guarding everything from homes to trucks.</p>
<p>Now introducing a two-in-one portable anti nazar postcard- proven effective against your unfriendly neighbourhood uncles and aunties.</p>
<p><!-- Accordion Sections --></p>
<div class=""product-accordion"">
<details open="""">
<summary><strong>Materials</strong></summary>
<ul>
<li>Textured Paper</li>
<li>RSW 270 GSM</li>
</ul>
</details>
<details open="""">
<summary><strong>Specifications</strong></summary>
<ul>
<li>Size: 5.5 x 4 inches</li>
</ul>
</details>
<details open="""">
<summary><strong>Shipping</strong></summary>
<ul>
<li>Domestic delivery: 4–5 days after dispatch</li>
<li>International delivery: 15–20 days</li>
</ul>
</details>
</div>",Maachis,Office Supplies > General Office Supplies > Paper Products > Post Cards,"","",true,Title,Default Title,,,,,,,,,0.0,,0,deny,manual,250.00,,true,false,,,,,,https://cdn.shopify.com/s/files/1/0852/6096/0021/files/AntiNazarFront.png?v=1759926906,1,"",false,,,3871,,,,,,,,,,,,,multicolor,,,retro-vintage; colorful; novelty,,printed,,art,,g,,,active
baby-you-are-my-firework-gift-matchbox,Baby You’re My Firework,"<p><meta charset=""utf-8""><span></span><span></span><span>This is a revival of vintage Indian matchbox art that once lit up festival nights, Now reimagined as a keepsake for those who shine brightest in your sky.</span></p>
<!-- Accordion Sections -->
<div class=""product-accordion"">
<details>
<summary><strong>Materials</strong></summary>
<ul>
<li>Ivory-finished wood</li>
<li>Safety matches</li>
<li>Striking surface</li>
</ul>
</details>
<details>
<summary><strong>Specifications</strong></summary>
<ul>
<li>Dual magnetic closures on both sides</li>
<li>Dimensions: 68mm × 48mm × 22mm</li>
<li>Includes two spare striker sheet</li>
</ul>
</details>
<details>
<summary><strong>Shipping</strong></summary>
<ul>
<li>Domestic delivery: 4–5 days after dispatch</li>
<li>International delivery: 15–20 days</li>
</ul>
<p><strong>Note for international orders:</strong> We can’t ship flammable materials across borders, so matchsticks won’t be included. You can refill with any regular-size matchsticks found at most local stores.</p>
</details>
<details>
<summary><strong>Care &amp; Safety</strong></summary>
<ul>
<li>Store at room temperature (20–25°C) - wood expands and contracts with humidity</li>
<li>Refill with any regular-size matchsticks once used up</li>
<li>Replace striker sheet when worn - peel and paste to reuse</li>
<li>Burn within sight. Keep away from combustibles, children, and pets</li>
</ul>
</details>
</div>",Maachis,Home & Garden,Matchboxes,"Handmade, Indian Matchboxes, Maachis, Vintage",true,Title,Default Title,,,,,,,,,33.0,,64,deny,manual,999.00,,true,false,,,,,"",https://cdn.shopify.com/s/files/1/0852/6096/0021/files/Indian-gift-matchbox-baby-you-are-my-firework.png?v=1759832562,1,Baby you’re my firework - quirky Indian gift,false,,,536,,,,,,,,,,,,,blue,,,,,,,,,g,,,active
baby-you-are-my-firework-gift-matchbox,,,,,,,,,,,,,,,,,,,,,,,,,,,,,,,,https://cdn.shopify.com/s/files/1/0852/6096/0021/files/Baby_back.png?v=1760538840,2,"",,,,,,,,,,,,,,,,,,,,,,,,,,,,,
baby-you-are-my-firework-gift-matchbox,,,,,,,,,,,,,,,,,,,,,,,,,,,,,,,,https://cdn.shopify.com/s/files/1/0852/6096/0021/files/Inside_the_box_06d2a6f5-0e4b-45f2-b2df-f28f2ef889c1.png?v=1760538839,3,"",,,,,,,,,,,,,,,,,,,,,,,,,,,,,
baby-you-re-my-firework,Baby You’re My Firework Postcard,"<p><span>This is a revival of vintage Indian matchbox art that once lit up festival nights, Now reimagined as a keepsake for those who shine brightest in your sky.</span></p>
<p><!-- Accordion Sections --></p>
<div class=""product-accordion"">
<details open="""">
<summary><strong>Materials</strong></summary>
<ul>
<li>Textured Paper</li>
<li>RSW 270 GSM</li>
</ul>
</details>
<details open="""">
<summary><strong>Specifications</strong></summary>
<ul>
<li>Size: 5.5 x 4 inches</li>
</ul>
</details>
<details open="""">
<summary><strong>Shipping</strong></summary>
<ul>
<li>Domestic delivery: 4–5 days after dispatch</li>
<li>International delivery: 15–20 days</li>
</ul>
</details>
</div>",Maachis,Office Supplies > General Office Supplies > Paper Products > Post Cards,"","",true,Title,Default Title,,,,,,,,,0.0,,-1,deny,manual,250.00,,true,false,,,,,,https://cdn.shopify.com/s/files/1/0852/6096/0021/files/Babyyou_remyfirework.png?v=1759926906,1,"",false,,,3871,,,,,,,,,,,,,multicolor,,,retro-vintage; colorful; novelty,,printed,,art,,g,,,active
big-dawgs,Big Dawgs,"<p><meta charset=""utf-8"">Spirit of rebellion, breaking chains&amp;nbsp;with rhythm and rhyme. Hanumankind from the streets to the world stage with Big Dawgs.<br></p>
<p><meta charset=""utf-8""><strong data-end=""528"" data-start=""515"">Design by</strong> <a href=""https://www.instagram.com/deeyasart"" class="""" data-end=""578"" data-start=""529"">@deeyasart</a></p>
<!-- Accordion Sections -->
<div class=""product-accordion"">

<details>
<summary><strong>Materials</strong></summary>
<ul>
<li>Ivory-finished wood</li>
<li>Safety matches</li>
<li>Striking surface</li>
</ul>
</details>
<details>
<summary><strong>Specifications</strong></summary>
<ul>
<li>Dual magnetic closures on both sides</li>
<li>Dimensions: 68mm × 48mm × 22mm</li>
<li>Includes one spare striker sheet</li>
</ul>
</details>
<details>
<summary><strong>Shipping</strong></summary>
<ul>
<li>Domestic delivery: 4–5 days after dispatch</li>
<li>International delivery: 15–20 days</li>
</ul>
<p><strong>Note for international orders:</strong> We can’t ship flammable materials across borders, so matchsticks won’t be included. You can refill with any regular-size matchsticks found at most local stores.</p>
</details>
<details>
<summary><strong>Care &amp; Safety</strong></summary>
<ul>
<li>Store at room temperature (20–25°C) - wood expands and contracts with humidity</li>
<li>Refill with any regular-size matchsticks once used up</li>
<li>Replace striker sheet when worn - peel and paste to reuse<br>
</li>
<li>Burn within sight. Keep away from combustibles, children, and pets</li>
</ul>
</details>
</div>",Maachis,Home & Garden > Smoking Accessories,Matchboxes,"Handmade, Indian Matchboxes, Maachis, Vintage",true,Title,Default Title,,,,,,,,"",33.0,,16,deny,manual,799.00,999.00,true,false,,,,,"",https://cdn.shopify.com/s/files/1/0852/6096/0021/files/BIG_DAWGS_-_Front.png?v=1759233541,1,"",false,,,,,,,,,,,,,,,,red; black,,,,,,,,,g,,,active
big-dawgs,,,,,,,,,,,,,,,,,,,,,,,,,,,,,,,,https://cdn.shopify.com/s/files/1/0852/6096/0021/files/BIG_DAWGS_-_Back.png?v=1759233541,2,"",,,,,,,,,,,,,,,,,,,,,,,,,,,,,
big-dawgs-1,Big Dawgs Postcard,"<p>Spirit of rebellion, breaking chains&amp;nbsp;with rhythm and rhyme. Hanumankind from the streets to the world stage with Big Dawgs.</p>
<p><!-- Accordion Sections --></p>
<div class=""product-accordion"">
<details open="""">
<summary><strong>Materials</strong></summary>
<ul>
<li>Textured Paper</li>
<li>RSW 270 GSM</li>
</ul>
</details>
<details open="""">
<summary><strong>Specifications</strong></summary>
<ul>
<li>Size: 5.5 x 4 inches</li>
</ul>
</details>
<details open="""">
<summary><strong>Shipping</strong></summary>
<ul>
<li>Domestic delivery: 4–5 days after dispatch</li>
<li>International delivery: 15–20 days</li>
</ul>
</details>
</div>",Maachis,Office Supplies > General Office Supplies > Paper Products > Post Cards,"","",true,Title,Default Title,,,,,,,,,0.0,,0,deny,manual,250.00,,true,false,,,,,,https://cdn.shopify.com/s/files/1/0852/6096/0021/files/big_dawg.jpg?v=1761755352,1,"",false,,,3871,,,,,,,,,,,,,multicolor,,,retro-vintage; colorful; novelty,,printed,,art,,g,,,active
big-dawgs-tshirt,Big Dawgs Tee,"<p class="""" data-end=""212"" data-start=""85""><strong data-end=""212"" data-start=""85"">Spirit of rebellion, breaking chains with rhythm and rhyme. Hanumankind from the streets to the world stage with Big Dawgs.</strong></p>
<p><span>Designed by <a href=""https://www.instagram.com/deeyasart/"" rel=""noopener"" target=""_blank"">@deeyasart</a></span></p>
<p><span><meta charset=""utf-8"">
<strong><strong data-start=""214"" data-end=""226"">Product Details:</strong><br data-start=""226"" data-end=""229""></strong>– Unisex oversized fit<br data-start=""251"" data-end=""254"">– 240 GSM<br data-start=""263"" data-end=""266"">– 100% cotton<br data-start=""279"" data-end=""282"" data-is-only-node="""">– Front brand patch &amp; back DTG print</span></p>",Maachis,Apparel & Accessories > Clothing > Clothing Tops > T-Shirts,"","",true,Color,black,product.metafields.shopify.color-pattern,Size,s,product.metafields.shopify.size,,,,"",200.0,shopify,0,deny,manual,1799.00,,true,false,,,,,"",https://cdn.shopify.com/s/files/1/0852/6096/0021/files/Big-dawgs-back-print.png?v=1745558969,1,"",false,,,,,,,,,,,,,,,,black,,,,,,s; m; l,,,g,,,active
big-dawgs-tshirt,,,,,,,,,black,,,m,,,,,"",200.0,shopify,0,deny,manual,1799.00,,true,false,,,,,"",https://cdn.shopify.com/s/files/1/0852/6096/0021/files/11_d95fb39b-a93a-4db4-9b0b-8f6e6cd6cfcd.png?v=1745558969,2,"",,,,,,,,,,,,,,,,,,,,,,,,,,g,,,
big-dawgs-tshirt,,,,,,,,,black,,,l,,,,,"",200.0,shopify,1,deny,manual,1799.00,,true,false,,,,,"",https://cdn.shopify.com/s/files/1/0852/6096/0021/files/Big-dawgs-front-patch.png?v=1745558969,3,"",,,,,,,,,,,,,,,,,,,,,,,,,,g,,,
big-dawgs-tshirt,,,,,,,,,,,,,,,,,,,,,,,,,,,,,,,,https://cdn.shopify.com/s/files/1/0852/6096/0021/files/Size-chart-website.png?v=1745558969,4,"",,,,,,,,,,,,,,,,,,,,,,,,,,,,,
bismillah-matchbox,Bismillah,"<p><meta charset=""utf-8"">Strings pull and heart wraps in Memory Box, a pool of emotions. Bismillah dances between desire and denial.<br></p>
<p><meta charset=""utf-8""><strong data-start=""515"" data-end=""528"">Design by</strong> <a data-start=""529"" data-end=""578"" class="""" href=""https://www.instagram.com/deeyasart"">@deeyasart</a></p>
<!-- Accordion Sections -->
<div class=""product-accordion"">

<details>
<summary><strong>Materials</strong></summary>
<ul>
<li>Ivory-finished wood</li>
<li>Safety matches</li>
<li>Striking surface</li>
</ul>
</details>
<details open="""">
<summary><strong>Specifications</strong></summary>
<ul>
<li>Dual magnetic closures on both sides</li>
<li>Dimensions: 68mm × 48mm × 22mm</li>
<li>Includes two spare striker sheet</li>
</ul>
</details>
<details>
<summary><strong>Shipping</strong></summary>
<ul>
<li>Domestic delivery: 4–5 days after dispatch</li>
<li>International delivery: 15–20 days</li>
</ul>
<p><strong>Note for international orders:</strong> We can’t ship flammable materials across borders, so matchsticks won’t be included. You can refill with any regular-size matchsticks found at most local stores.</p>
</details>
<details>
<summary><strong>Care &amp; Safety</strong></summary>
<ul>
<li>Store at room temperature (20–25°C) - wood expands and contracts with humidity</li>
<li>Refill with any regular-size matchsticks once used up</li>
<li>Replace striker sheet when worn - peel and paste to reuse<br>
</li>
<li>Burn within sight. Keep away from combustibles, children, and pets</li>
</ul>
</details>
</div>",Maachis,Home & Garden > Smoking Accessories,Matchboxes,"Handmade, Indian Matchboxes, Maachis, Vintage",true,Title,Default Title,,,,,,,,"",33.0,,0,deny,manual,799.00,999.00,true,false,,,,,"",https://cdn.shopify.com/s/files/1/0852/6096/0021/files/Front_a86e52b4-0aa3-43f8-a1c2-8cdb22361b7d.png?v=1759232720,1,"",false,,,,,,,,,,,,,,,,,,,,,,,,,g,,,active
bismillah-matchbox,,,,,,,,,,,,,,,,,,,,,,,,,,,,,,,,https://cdn.shopify.com/s/files/1/0852/6096/0021/files/back_9a9b5654-072c-4924-bde0-90898001a23f.png?v=1759232720,2,"",,,,,,,,,,,,,,,,,,,,,,,,,,,,,
bismillah,Bismillah Postcard,"<p>Strings pull and heart wraps in Memory Box, a pool of emotions. Bismillah dances between desire and denial.</p>
<p><!-- Accordion Sections --></p>
<div class=""product-accordion"">
<details open="""">
<summary><strong>Materials</strong></summary>
<ul>
<li>Textured Paper</li>
<li>RSW 270 GSM</li>
</ul>
</details>
<details open="""">
<summary><strong>Specifications</strong></summary>
<ul>
<li>Size: 5.5 x 4 inches</li>
</ul>
</details>
<details open="""">
<summary><strong>Shipping</strong></summary>
<ul>
<li>Domestic delivery: 4–5 days after dispatch</li>
<li>International delivery: 15–20 days</li>
</ul>
</details>
</div>",Maachis,Office Supplies > General Office Supplies > Paper Products > Post Cards,"","",true,Title,Default Title,,,,,,,,,0.0,,-1,deny,manual,250.00,,true,false,,,,,,https://cdn.shopify.com/s/files/1/0852/6096/0021/files/5.jpg?v=1759916984,1,"",false,,,3871,,,,,,,,,,,,,multicolor,,,retro-vintage; colorful; novelty,,printed,,art,,g,,,active
bismillah-tshirt,Bismillah Tee,"<p><meta charset=""utf-8""><strong>Strings pull and heart wraps in Memory Box, a pool of emotions. Bismillah dances between desire and denial.</strong></p>
<p><span>Designed by <a href=""https://www.instagram.com/deeyasart/"" rel=""noopener"" target=""_blank"">@deeyasart</a></span></p>
<p><span><meta charset=""utf-8"">
<strong><strong data-start=""214"" data-end=""226"">Product Details:</strong><br data-start=""226"" data-end=""229""></strong>– Unisex oversized fit<br data-start=""251"" data-end=""254"">– 240 GSM<br data-start=""263"" data-end=""266"">– 100% cotton<br data-start=""279"" data-end=""282"" data-is-only-node="""">– Front brand patch &amp; back DTG print</span></p>",Maachis,Apparel & Accessories > Clothing > Clothing Tops > T-Shirts,Tshirts,"Indian Matchboxes, Maachis, Vintage",true,Color,black,product.metafields.shopify.color-pattern,Size,xs,product.metafields.shopify.size,,,,"",300.0,shopify,0,deny,manual,1799.00,,true,false,,,,,"",https://cdn.shopify.com/s/files/1/0852/6096/0021/files/6_c0d3f7e4-a542-4a43-95c9-205e3a93ca3f.png?v=1745414670,1,"",false,,,,,,,,,,,,,,,,black,,,,,,xs; s; m; l; xl,,,g,,,active
bismillah-tshirt,,,,,,,,,black,,,s,,,,,"",300.0,shopify,0,deny,manual,1799.00,,true,false,,,,,"",https://cdn.shopify.com/s/files/1/0852/6096/0021/files/7_a719e51e-5de8-48d7-bb9a-25778c0baeb4.png?v=1745414670,2,"",,,,,,,,,,,,,,,,,,,,,,,,,,g,,,
bismillah-tshirt,,,,,,,,,black,,,m,,,,,"",300.0,shopify,0,deny,manual,1799.00,,true,false,,,,,"",https://cdn.shopify.com/s/files/1/0852/6096/0021/files/8_a8aa0210-e481-417c-adcd-78c57cbe0f3e.png?v=1745414670,3,"",,,,,,,,,,,,,,,,,,,,,,,,,,g,,,
bismillah-tshirt,,,,,,,,,black,,,l,,,,,"",300.0,shopify,7,deny,manual,1799.00,,true,false,,,,,"",https://cdn.shopify.com/s/files/1/0852/6096/0021/files/Size-chart-website.png?v=1745558969,4,"",,,,,,,,,,,,,,,,,,,,,,,,,,g,,,
bismillah-tshirt,,,,,,,,,black,,,xl,,,,,"",300.0,shopify,0,deny,manual,1799.00,,true,false,,,,,"",,,,,,,,,,,,,,,,,,,,,,,,,,,,,g,,,
bullet-rani,Bullet Rani,"<p>In a world that tells you to sit pillion, this matchbox hands you the handlebars.<br>Take control, you run the world!</p>

<!-- Accordion Sections -->
<div class=""product-accordion"">

<details>
<summary><strong>Materials</strong></summary>
<ul>
<li>Ivory-finished wood</li>
<li>Safety matches</li>
<li>Striking surface</li>
</ul>
</details>
<details>
<summary><strong>Specifications</strong></summary>
<ul>
<li>Dual magnetic closures on both sides</li>
<li>Dimensions: 68mm × 48mm × 22mm</li>
<li>Includes two spare striker sheet</li>
</ul>
</details>
<details>
<summary><strong>Shipping</strong></summary>
<ul>
<li>Domestic delivery: 4–5 days after dispatch</li>
<li>International delivery: 15–20 days</li>
</ul>
<p><strong>Note for international orders:</strong> We can’t ship flammable materials across borders, so matchsticks won’t be included. You can refill with any regular-size matchsticks found at most local stores.</p>
</details>
<details>
<summary><strong>Care &amp; Safety</strong></summary>
<ul>
<li>Store at room temperature (20–25°C) - wood expands and contracts with humidity</li>
<li>Refill with any regular-size matchsticks once used up</li>
<li>Replace striker sheet when worn - peel and paste to reuse<br>
</li>
<li>Burn within sight. Keep away from combustibles, children, and pets</li>
</ul>
</details>
</div>
",Maachis,Home & Garden > Household Supplies,"","Handmade, Indian Matchboxes, Maachis, Vintage",true,Title,Default Title,,,,,,,,,33.0,shopify,-15,continue,manual,999.00,,true,false,,,,,,https://cdn.shopify.com/s/files/1/0852/6096/0021/files/Bullet_Rani.png?v=1759232223,1,"",false,,,,,,,,,,,,,,,,beige; red,,,,,,,,,g,,,active
bullet-rani,,,,,,,,,,,,,,,,,,,,,,,,,,,,,,,,https://cdn.shopify.com/s/files/1/0852/6096/0021/files/Back_8b6c75a7-3a3f-4b6e-adb2-c7b2c86792cd.png?v=1759232223,2,"",,,,,,,,,,,,,,,,,,,,,,,,,,,,,
bullet-rani,,,,,,,,,,,,,,,,,,,,,,,,,,,,,,,,https://cdn.shopify.com/s/files/1/0852/6096/0021/files/Side_9204a0fe-1a87-4727-afca-03d657e09c67.png?v=1759232223,3,"",,,,,,,,,,,,,,,,,,,,,,,,,,,,,
bullet-rani-1,Bullet Rani Postcard,"<p>In a world that tells you to sit pillion, this matchbox hands you the handlebars.<br>Take control, you run the world!</p>
<p><!-- Accordion Sections --></p>
<div class=""product-accordion"">
<details>
<summary><strong>Materials</strong></summary>
<ul>
<li>Textured Paper</li>
<li>RSW 270 GSM</li>
</ul>
</details>
<details open="""">
<summary><strong>Specifications</strong></summary>
<ul>
<li>Size: 5.5 x 4 inches</li>
</ul>
</details>
<details open="""">
<summary><strong>Shipping</strong></summary>
<ul>
<li>Domestic delivery: 4–5 days after dispatch</li>
<li>International delivery: 15–20 days</li>
</ul>
</details>
</div>",Maachis,Office Supplies > General Office Supplies > Paper Products > Post Cards,"","",true,Title,Default Title,,,,,,,,,0.0,,0,deny,manual,250.00,,true,false,,,,,,https://cdn.shopify.com/s/files/1/0852/6096/0021/files/8.jpg?v=1759916984,1,"",false,,,3871,,,,,,,,,,,,,multicolor,,,retro-vintage; colorful; novelty,,printed,,art,,g,,,active
festivepostcards,Festive Postcards - Set of 4,"<p data-end=""251"" data-start=""28""><meta charset=""utf-8"">This <strong data-start=""71"" data-end=""101"">set of 4 festive postcards</strong> (size: <strong data-start=""109"" data-end=""127"">5.5 x 4 inches</strong>) is printed on <strong data-start=""143"" data-end=""168"">270gsm textured paper</strong></p>
<p>Each postcard features a unique, vibrant design -</p>
<p><i>Anti Nazar, Patakha Guddi, Baby you're my firework, Three ekka</i><i></i></p>",Maachis,Office Supplies > General Office Supplies > Paper Products > Post Cards,"","",true,Title,Default Title,,,,,,,,,0.0,,-3,deny,manual,1000.00,,true,false,,,,,,https://cdn.shopify.com/s/files/1/0852/6096/0021/files/AntiNazarFront.png?v=1759926906,1,"",false,,,3871,,,,,,,,,,,,,,,,retro-vintage; colorful; novelty,,printed,,,,g,,,active
festivepostcards,,,,,,,,,,,,,,,,,,,,,,,,,,,,,,,,https://cdn.shopify.com/s/files/1/0852/6096/0021/files/Patakhaguddi.png?v=1759926906,2,"",,,,,,,,,,,,,,,,,,,,,,,,,,,,,
festivepostcards,,,,,,,,,,,,,,,,,,,,,,,,,,,,,,,,https://cdn.shopify.com/s/files/1/0852/6096/0021/files/Babyyou_remyfirework.png?v=1759926906,3,"",,,,,,,,,,,,,,,,,,,,,,,,,,,,,
festivepostcards,,,,,,,,,,,,,,,,,,,,,,,,,,,,,,,,https://cdn.shopify.com/s/files/1/0852/6096/0021/files/Threeekka.png?v=1759926906,4,"",,,,,,,,,,,,,,,,,,,,,,,,,,,,,
happy-pride,Happy Pride,"<p><meta charset=""utf-8"">This is a revival of the Swathanthra matchbox from Vilathikulam - once lit for a new India. Now waving a different flag, for the freedoms still left to win.</p>
<!-- Accordion Sections -->
<div class=""product-accordion"">
<details>
<summary><strong>Materials</strong></summary>
<ul>
<li>Ivory-finished wood</li>
<li>Safety matches</li>
<li>Striking surface</li>
</ul>
</details>
<details open="""">
<summary><strong>Specifications</strong></summary>
<ul>
<li>Dual magnetic closures on both sides</li>
<li>Dimensions: 68mm × 48mm × 22mm</li>
<li>Includes two spare striker sheet</li>
</ul>
</details>
<details>
<summary><strong>Shipping</strong></summary>
<ul>
<li>Domestic delivery: 4–5 days after dispatch</li>
<li>International delivery: 15–20 days</li>
</ul>
<p><strong>Note for international orders:</strong> We can’t ship flammable materials across borders, so matchsticks won’t be included. You can refill with any regular-size matchsticks found at most local stores.</p>
</details>
<details>
<summary><strong>Care &amp; Safety</strong></summary>
<ul>
<li>Store at room temperature (20–25°C) - wood expands and contracts with humidity</li>
<li>Refill with any regular-size matchsticks once used up</li>
<li>Replace striker sheet when worn - peel and paste to reuse<br>
</li>
<li>Burn within sight. Keep away from combustibles, children, and pets</li>
</ul>
</details>
</div>",Maachis,Home & Garden,"","Handmade, Indian Matchboxes, Maachis, Vintage",true,Title,Default Title,,,,,,,,"",33.0,,-28,deny,manual,999.00,,true,false,,,,,"",https://cdn.shopify.com/s/files/1/0852/6096/0021/files/PrideFront1.png?v=1759232851,1,"",false,,,,,,,,,,,,,,,,beige; red,,,,,,,,,g,,,active
happy-pride,,,,,,,,,,,,,,,,,,,,,,,,,,,,,,,,https://cdn.shopify.com/s/files/1/0852/6096/0021/files/PrideBack.png?v=1759232851,2,"",,,,,,,,,,,,,,,,,,,,,,,,,,,,,
happy-pride-1,Happy Pride Postcard,"<p>This is a revival of the Swathanthra matchbox from Vilathikulam - once lit for a new India. Now waving a different flag, for the freedoms still left to win.</p>
<p><!-- Accordion Sections --></p>
<div class=""product-accordion"">
<details open="""">
<summary><strong>Materials</strong></summary>
<ul>
<li>Textured Paper</li>
<li>RSW 270 GSM</li>
</ul>
</details>
<details open="""">
<summary><strong>Specifications</strong></summary>
<ul>
<li>Size: 5.5 x 4 inches</li>
</ul>
</details>
<details open="""">
<summary><strong>Shipping</strong></summary>
<ul>
<li>Domestic delivery: 4–5 days after dispatch</li>
<li>International delivery: 15–20 days</li>
</ul>
</details>
</div>",Maachis,Office Supplies > General Office Supplies > Paper Products > Post Cards,"","",true,Title,Default Title,,,,,,,,,0.0,,0,deny,manual,250.00,,true,false,,,,,,https://cdn.shopify.com/s/files/1/0852/6096/0021/files/3.jpg?v=1759916982,1,"",false,,,3871,,,,,,,,,,,,,multicolor,,,retro-vintage; colorful; novelty,,printed,,art,,g,,,active
joint-venture,Joint Venture,"<p><meta charset=""utf-8""><meta charset=""utf-8"">Reigniting the classic Joker matchbox. <br>Two friends, one matchbox. Nothing certain, everything open. <br>Because not everything worth building starts with a plan.<br></p>
<!-- Accordion Sections -->
<div class=""product-accordion"">
<details>
<summary><strong>Materials</strong></summary>
<ul>
<li>Ivory-finished wood</li>
<li>Safety matches</li>
<li>Striking surface</li>
</ul>
</details>
<details>
<summary><strong>Specifications</strong></summary>
<ul>
<li>Dual magnetic closures on both sides</li>
<li>Dimensions: 68mm × 48mm × 22mm</li>
<li>Includes two spare striker sheet</li>
</ul>
</details>
<details>
<summary><strong>Shipping</strong></summary>
<ul>
<li>Domestic delivery: 4–5 days after dispatch</li>
<li>International delivery: 15–20 days</li>
</ul>
<p><strong>Note for international orders:</strong> We can’t ship flammable materials across borders, so matchsticks won’t be included. You can refill with any regular-size matchsticks found at most local stores.</p>
</details>
<details>
<summary><strong>Care &amp; Safety</strong></summary>
<ul>
<li>Store at room temperature (20–25°C) - wood expands and contracts with humidity</li>
<li>Refill with any regular-size matchsticks once used up</li>
<li>Replace striker sheet when worn - peel and paste to reuse</li>
<li>Burn within sight. Keep away from combustibles, children, and pets</li>
</ul>
</details>
</div>",Maachis,Home & Garden > Household Supplies,"","Handmade, Indian Matchboxes, Maachis, Vintage",true,Title,Default Title,,,,,,,,,33.0,,-9,continue,manual,999.00,,true,false,,,,,,https://cdn.shopify.com/s/files/1/0852/6096/0021/files/JointVenture-Front.png?v=1756898163,1,"",false,,,,,,,,,,,,,,,,beige; red,,,,,,,,,g,,,active
joint-venture,,,,,,,,,,,,,,,,,,,,,,,,,,,,,,,,https://cdn.shopify.com/s/files/1/0852/6096/0021/files/JointVenture-Back.png?v=1756898163,2,"",,,,,,,,,,,,,,,,,,,,,,,,,,,,,
make-art-not-war-matchbox,Make Art Not War,"<p><meta charset=""utf-8""><meta charset=""utf-8"">In a world fractured by war, Ravi Varma's timeless masterpiece is reimagined as a bold declaration: Make Art, Not War — a testament to peace and creative defiance against conflict.</p>
<!-- Accordion Sections -->
<div class=""product-accordion"">

<details>
<summary><strong>Materials</strong></summary>
<ul>
<li>Ivory-finished wood</li>
<li>Safety matches</li>
<li>Striking surface</li>
</ul>
</details>
<details open="""">
<summary><strong>Specifications</strong></summary>
<ul>
<li>Dual magnetic closures on both sides</li>
<li>Dimensions: 68mm × 48mm × 22mm</li>
<li>Includes two spare striker sheet</li>
</ul>
</details>
<details>
<summary><strong>Shipping</strong></summary>
<ul>
<li>Domestic delivery: 4–5 days after dispatch</li>
<li>International delivery: 15–20 days</li>
</ul>
<p><strong>Note for international orders:</strong> We can’t ship flammable materials across borders, so matchsticks won’t be included. You can refill with any regular-size matchsticks found at most local stores.</p>
</details>
<details>
<summary><strong>Care &amp; Safety</strong></summary>
<ul>
<li>Store at room temperature (20–25°C) - wood expands and contracts with humidity</li>
<li>Refill with any regular-size matchsticks once used up</li>
<li>Replace striker sheet when worn - peel and paste to reuse<br>
</li>
<li>Burn within sight. Keep away from combustibles, children, and pets</li>
</ul>
</details>
</div>",Maachis,Home & Garden > Household Supplies,Matchboxes,"Handmade, Indian Matchboxes, Maachis, Vintage",true,Title,Default Title,,,,,,,,"",33.0,,-16,deny,manual,999.00,,true,false,,,,,"",https://cdn.shopify.com/s/files/1/0852/6096/0021/files/Makeartnotwar-front.png?v=1759232908,1,"",false,,,630,,,,,,,,,,,,,,,,,,,,,,g,,,active
make-art-not-war-matchbox,,,,,,,,,,,,,,,,,,,,,,,,,,,,,,,,https://cdn.shopify.com/s/files/1/0852/6096/0021/files/Makeartnotwar-back.png?v=1759232908,2,"",,,,,,,,,,,,,,,,,,,,,,,,,,,,,
make-art-not-war,Make Art Not War Postcard,"<p>In a world fractured by war, Ravi Varma's timeless masterpiece is reimagined as a bold declaration: Make Art, Not War — a testament to peace and creative defiance against conflict.</p>
<p><!-- Accordion Sections --></p>
<div class=""product-accordion"">
<details open="""">
<summary><strong>Materials</strong></summary>
<ul>
<li>Textured Paper</li>
<li>RSW 270 GSM</li>
</ul>
</details>
<details open="""">
<summary><strong>Specifications</strong></summary>
<ul>
<li>Size: 5.5 x 4 inches</li>
</ul>
</details>
<details open="""">
<summary><strong>Shipping</strong></summary>
<ul>
<li>Domestic delivery: 4–5 days after dispatch</li>
<li>International delivery: 15–20 days</li>
</ul>
</details>
</div>",Maachis,Office Supplies > General Office Supplies > Paper Products > Post Cards,"","",true,Title,Default Title,,,,,,,,,0.0,,0,deny,manual,250.00,,true,false,,,,,,https://cdn.shopify.com/s/files/1/0852/6096/0021/files/9.jpg?v=1759916983,1,"",false,,,3871,,,,,,,,,,,,,multicolor,,,retro-vintage; colorful; novelty,,printed,,art,,g,,,active
make-art-not-war-tshirt,Make Art Not War Tee,"<p><meta charset=""utf-8""><strong>In a world fractured by war, Ravi Varma's timeless masterpiece is reimagined as a bold declaration: Make Art, Not War — a testament to peace and creative defiance against conflict.</strong></p>
<p><span><meta charset=""utf-8""> <strong><strong data-end=""226"" data-start=""214"">Product Details:</strong><br data-end=""229"" data-start=""226""></strong>– Unisex oversized fit<br data-end=""254"" data-start=""251"">– 240 GSM<br data-end=""266"" data-start=""263"">– 100% cotton<br data-is-only-node="""" data-end=""282"" data-start=""279"">– Front brand patch &amp; back DTG print</span></p>",Maachis,Apparel & Accessories > Clothing > Clothing Tops > T-Shirts,Tshirts,"Indian Matchboxes, Maachis, Vintage",true,Color,black,product.metafields.shopify.color-pattern,Size,s,product.metafields.shopify.size,,,,"",200.0,shopify,0,deny,manual,1499.00,,true,false,,,,,"",https://cdn.shopify.com/s/files/1/0852/6096/0021/files/10_f94a6979-6c0b-454d-b08d-abea2a3f35fe.png?v=1745414701,1,"",false,,,,,,,,,,,,,,,,black,,,,crew,,s; m; l,,,g,,,active
make-art-not-war-tshirt,,,,,,,,,black,,,m,,,,,"",200.0,shopify,0,deny,manual,1499.00,,true,false,,,,,"",https://cdn.shopify.com/s/files/1/0852/6096/0021/files/9_ac57903a-94e3-4941-8ed7-9f93aaab6304.png?v=1745414701,2,"",,,,,,,,,,,,,,,,,,,,,,,,,,g,,,
make-art-not-war-tshirt,,,,,,,,,black,,,l,,,,,"",200.0,shopify,0,deny,manual,1499.00,,true,false,,,,,"",https://cdn.shopify.com/s/files/1/0852/6096/0021/files/Size-chart-website.png?v=1745558969,3,"",,,,,,,,,,,,,,,,,,,,,,,,,,g,,,
makeindiademocraticagain,Make India Democratic Again,"<p><meta charset=""utf-8""><meta charset=""utf-8""><span></span><span></span><span>Democracy doesn’t die overnight - it fades in silence.  This match reminds us to protect what was hard-won.  India must remian for the people, by the people, and of the people</span></p>
<!-- Accordion Sections -->
<div class=""product-accordion"">
<details>
<summary><strong>Materials</strong></summary>
<ul>
<li>Ivory-finished wood</li>
<li>Safety matches</li>
<li>Striking surface</li>
</ul>
</details>
<details>
<summary><strong>Specifications</strong></summary>
<ul>
<li>Dual magnetic closures on both sides</li>
<li>Dimensions: 68mm × 48mm × 22mm</li>
<li>Includes two spare striker sheet</li>
</ul>
</details>
<details>
<summary><strong>Shipping</strong></summary>
<ul>
<li>Domestic delivery: 4–5 days after dispatch</li>
<li>International delivery: 15–20 days</li>
</ul>
<p><strong>Note for international orders:</strong> We can’t ship flammable materials across borders, so matchsticks won’t be included. You can refill with any regular-size matchsticks found at most local stores.</p>
</details>
<details>
<summary><strong>Care &amp; Safety</strong></summary>
<ul>
<li>Store at room temperature (20–25°C) - wood expands and contracts with humidity</li>
<li>Refill with any regular-size matchsticks once used up</li>
<li>Replace striker sheet when worn - peel and paste to reuse</li>
<li>Burn within sight. Keep away from combustibles, children, and pets</li>
</ul>
</details>
</div>",Maachis,Home & Garden > Household Supplies,"","Handmade, Indian Matchboxes, Maachis, Vintage",true,Title,Default Title,,,,,,,,,33.0,,-7,continue,manual,999.00,,true,false,,,,,"",https://cdn.shopify.com/s/files/1/0852/6096/0021/files/Product.png?v=1755228528,1,"",false,,,,,,,,,,,,,,,,beige; red,,,,,,,,,g,,,active
makeindiademocraticagain,,,,,,,,,,,,,,,,,,,,,,,,,,,,,,,,https://cdn.shopify.com/s/files/1/0852/6096/0021/files/Make_india_democratic_again_-_Back.png?v=1756658641,2,"",,,,,,,,,,,,,,,,,,,,,,,,,,,,,
mysore-mangoes-matchbox,Mysore Mangoes,"<p><meta charset=""utf-8"">A match made in Mysore, inspired by the famous three-mangoes matchbox art. This finest local strain is ready for a change; embrace the green revolution.</p>
<div class=""product-accordion"">

<!-- Accordion Sections -->
<details>
<summary><strong>Materials</strong></summary>
<ul>
<li>Ivory-finished wood</li>
<li>Safety matches</li>
<li>Striking surface</li>
</ul>
</details>
<details open="""">
<summary><strong>Specifications</strong></summary>
<ul>
<li>Dual magnetic closures on both sides</li>
<li>Dimensions: 68mm × 48mm × 22mm</li>
<li>Includes two spare striker sheet</li>
</ul>
</details>
<details>
<summary><strong>Shipping</strong></summary>
<ul>
<li>Domestic delivery: 4–5 days after dispatch</li>
<li>International delivery: 15–20 days</li>
</ul>
<p><strong>Note for international orders:</strong> We can’t ship flammable materials across borders, so matchsticks won’t be included. You can refill with any regular-size matchsticks found at most local stores.</p>
</details>
<details>
<summary><strong>Care &amp; Safety</strong></summary>
<ul>
<li>Store at room temperature (20–25°C) - wood expands and contracts with humidity</li>
<li>Refill with any regular-size matchsticks once used up</li>
<li>Replace striker sheet when worn - peel and paste to reuse<br>
</li>
<li>Burn within sight. Keep away from combustibles, children, and pets</li>
</ul>
</details>
</div>",Maachis,Home & Garden > Smoking Accessories,Matchboxes,"Handmade, Indian Matchboxes, Maachis, Vintage",true,Title,Default Title,,,,,,,,"",33.0,,18,deny,manual,999.00,,true,false,,,,,"",https://cdn.shopify.com/s/files/1/0852/6096/0021/files/Mysore-mangoes-matchbox.png?v=1750311381,1,Mysore-mangoes-matchbox,false,,,,,,,,,,,,,,,,,,,,,,,,,g,,,active
mysore-mangoes-matchbox,,,,,,,,,,,,,,,,,,,,,,,,,,,,,,,,https://cdn.shopify.com/s/files/1/0852/6096/0021/files/Mysore-mangoes-matchbox-front.png?v=1750311430,2,Mysore-mangoes-matchbox,,,,,,,,,,,,,,,,,,,,,,,,,,,,,
mysore-mangoes-matchbox,,,,,,,,,,,,,,,,,,,,,,,,,,,,,,,,https://cdn.shopify.com/s/files/1/0852/6096/0021/files/Mysore-mangoes-matchbox-side.png?v=1750311451,3,Mysore-mangoes-matchbox,,,,,,,,,,,,,,,,,,,,,,,,,,,,,
mysore-mangoes-matchbox,,,,,,,,,,,,,,,,,,,,,,,,,,,,,,,,https://cdn.shopify.com/s/files/1/0852/6096/0021/files/Mysore-mangoes-matchbox-back.png?v=1750311470,4,Mysore-mangoes-matchbox,,,,,,,,,,,,,,,,,,,,,,,,,,,,,
mysore-mangoes,Mysore Mangoes Postcard,"<p>A match made in Mysore, inspired by the famous three-mangoes matchbox art. This finest local strain is ready for a change; embrace the green revolution.</p>
<p><!-- Accordion Sections --></p>
<div class=""product-accordion"">
<details open="""">
<summary><strong>Materials</strong></summary>
<ul>
<li>Textured Paper</li>
<li>RSW 270 GSM</li>
</ul>
</details>
<details open="""">
<summary><strong>Specifications</strong></summary>
<ul>
<li>Size: 5.5 x 4 inches</li>
</ul>
</details>
<details open="""">
<summary><strong>Shipping</strong></summary>
<ul>
<li>Domestic delivery: 4–5 days after dispatch</li>
<li>International delivery: 15–20 days</li>
</ul>
</details>
</div>",Maachis,Office Supplies > General Office Supplies > Paper Products > Post Cards,"","",true,Title,Default Title,,,,,,,,,0.0,,-1,deny,manual,250.00,,true,false,,,,,,https://cdn.shopify.com/s/files/1/0852/6096/0021/files/2.jpg?v=1759916982,1,"",false,,,3871,,,,,,,,,,,,,multicolor,,,retro-vintage; colorful; novelty,,printed,,art,,g,,,active
mysore-mangoes-tshirt,Mysore Mangoes Tee,"<p><meta charset=""utf-8""><strong>A match made in Mysore, inspired by the famous three-mangoes matchbox art. This finest local strain is ready for a change; embrace the green revolution.</strong></p>
<p><span><meta charset=""utf-8"">
<strong><strong data-start=""214"" data-end=""226"">Product Details:</strong><br data-start=""226"" data-end=""229""></strong>– Unisex oversized fit<br data-start=""251"" data-end=""254"">– 240 GSM<br data-start=""263"" data-end=""266"">– 100% cotton<br data-start=""279"" data-end=""282"" data-is-only-node="""">– Front brand patch &amp; back DTG print</span></p>",Maachis,Apparel & Accessories > Clothing > Clothing Tops > T-Shirts,Tshirts,"Indian Matchboxes, Maachis, Vintage",true,Color,black,product.metafields.shopify.color-pattern,Size,s,product.metafields.shopify.size,,,,"",200.0,shopify,0,deny,manual,1499.00,,true,false,,,,,"",https://cdn.shopify.com/s/files/1/0852/6096/0021/files/4_21048048-4b04-48f4-82b3-3fd8cc85a30a.png?v=1745414643,1,"",false,,,,,,,,,,,,,,,,black,,,,,,s; m; l,,,g,,,active
mysore-mangoes-tshirt,,,,,,,,,black,,,m,,,,,"",200.0,shopify,0,deny,manual,1499.00,,true,false,,,,,"",https://cdn.shopify.com/s/files/1/0852/6096/0021/files/5_7a219296-5d97-4413-b26c-9d7a46be16be.png?v=1745414643,2,"",,,,,,,,,,,,,,,,,,,,,,,,,,g,,,
mysore-mangoes-tshirt,,,,,,,,,black,,,l,,,,,"",200.0,shopify,0,deny,manual,1499.00,,true,false,,,,,"",https://cdn.shopify.com/s/files/1/0852/6096/0021/files/Size-chart-website.png?v=1745558969,3,"",,,,,,,,,,,,,,,,,,,,,,,,,,g,,,
norockpaperjustscissor,No Rock Paper Just Scissor,"<p><meta charset=""utf-8"">Modern problems require cutting edge solutions. When in doubt, skip the rock &amp; paper, just scissor and remember - every month is pride month.<br></p>
<!-- Accordion Sections -->
<div class=""product-accordion"">
<details>
<summary><strong>Materials</strong></summary>
<ul>
<li>Ivory-finished wood</li>
<li>Safety matches</li>
<li>Striking surface</li>
</ul>
</details>
<details>
<summary><strong>Specifications</strong></summary>
<ul>
<li>Dual magnetic closures on both sides</li>
<li>Dimensions: 68mm × 48mm × 22mm</li>
<li>Includes two spare striker sheet</li>
</ul>
</details>
<details>
<summary><strong>Shipping</strong></summary>
<ul>
<li>Domestic delivery: 4–5 days after dispatch</li>
<li>International delivery: 15–20 days</li>
</ul>
<p><strong>Note for international orders:</strong> We can’t ship flammable materials across borders, so matchsticks won’t be included. You can refill with any regular-size matchsticks found at most local stores.</p>
</details>
<details>
<summary><strong>Care &amp; Safety</strong></summary>
<ul>
<li>Store at room temperature (20–25°C) - wood expands and contracts with humidity</li>
<li>Refill with any regular-size matchsticks once used up</li>
<li>Replace striker sheet when worn - peel and paste to reuse</li>
<li>Burn within sight. Keep away from combustibles, children, and pets</li>
</ul>
</details>
</div>",Maachis,Home & Garden > Household Supplies,"","Handmade, Indian Matchboxes, Maachis, Vintage",true,Title,Default Title,,,,,,,,,33.0,,-6,continue,manual,999.00,,true,false,,,,,,https://cdn.shopify.com/s/files/1/0852/6096/0021/files/Scissor-front.png?v=1756653239,1,"",false,,,,,,,,,,,,,,,,beige; red,,,,,,,,,g,,,active
norockpaperjustscissor,,,,,,,,,,,,,,,,,,,,,,,,,,,,,,,,https://cdn.shopify.com/s/files/1/0852/6096/0021/files/Scissor-Back.png?v=1756653239,2,"",,,,,,,,,,,,,,,,,,,,,,,,,,,,,
patakha-guddi-gift-matchbox,Patakha Guddi,"<p><meta charset=""utf-8""><span></span><span></span><span>For the loud, bold and fearless. <br>Patakha Guddi is a state of mind</span><span></span></p>
<!-- Accordion Sections -->
<div class=""product-accordion"">
<details>
<summary><strong>Materials</strong></summary>
<ul>
<li>Ivory-finished wood</li>
<li>Safety matches</li>
<li>Striking surface</li>
</ul>
</details>
<details>
<summary><strong>Specifications</strong></summary>
<ul>
<li>Dual magnetic closures on both sides</li>
<li>Dimensions: 68mm × 48mm × 22mm</li>
<li>Includes two spare striker sheet</li>
</ul>
</details>
<details>
<summary><strong>Shipping</strong></summary>
<ul>
<li>Domestic delivery: 4–5 days after dispatch</li>
<li>International delivery: 15–20 days</li>
</ul>
<p><strong>Note for international orders:</strong> We can’t ship flammable materials across borders, so matchsticks won’t be included. You can refill with any regular-size matchsticks found at most local stores.</p>
</details>
<details>
<summary><strong>Care &amp; Safety</strong></summary>
<ul>
<li>Store at room temperature (20–25°C) - wood expands and contracts with humidity</li>
<li>Refill with any regular-size matchsticks once used up</li>
<li>Replace striker sheet when worn - peel and paste to reuse</li>
<li>Burn within sight. Keep away from combustibles, children, and pets</li>
</ul>
</details>
</div>",Maachis,Home & Garden,Matchboxes,"Handmade, Indian Matchboxes, Maachis, Vintage",true,Title,Default Title,,,,,,,,,0.0,,56,deny,manual,999.00,,true,false,,,,,"",https://cdn.shopify.com/s/files/1/0852/6096/0021/files/Patakhaguddi3_f98ae4bf-7019-407c-b16a-d8de02728ac1.png?v=1759774179,1,"",false,,,536,,,,,,,,,,,,,floral,,,,,,,,,g,,,active
patakha-guddi-gift-matchbox,,,,,,,,,,,,,,,,,,,,,,,,,,,,,,,,https://cdn.shopify.com/s/files/1/0852/6096/0021/files/Patakha_back.png?v=1760538884,2,"",,,,,,,,,,,,,,,,,,,,,,,,,,,,,
patakha-guddi-gift-matchbox,,,,,,,,,,,,,,,,,,,,,,,,,,,,,,,,https://cdn.shopify.com/s/files/1/0852/6096/0021/files/Inside_the_box_31b08773-9a27-4192-b90a-cf2dc0406ffa.png?v=1760538884,3,"",,,,,,,,,,,,,,,,,,,,,,,,,,,,,
patakha-guddi,Patakha Guddi Postcard,"<p><span>For the loud, bold and fearless. <br>Patakha Guddi is a state of mind</span></p>
<p><!-- Accordion Sections --></p>
<div class=""product-accordion"">
<details open="""">
<summary><strong>Materials</strong></summary>
<ul>
<li>Textured Paper</li>
<li>RSW 270 GSM</li>
</ul>
</details>
<details open="""">
<summary><strong>Specifications</strong></summary>
<ul>
<li>Size: 5.5 x 4 inches</li>
</ul>
</details>
<details open="""">
<summary><strong>Shipping</strong></summary>
<ul>
<li>Domestic delivery: 4–5 days after dispatch</li>
<li>International delivery: 15–20 days</li>
</ul>
</details>
</div>",Maachis,Office Supplies > General Office Supplies > Paper Products > Post Cards,"","",true,Title,Default Title,,,,,,,,,0.0,,-1,deny,manual,250.00,,true,false,,,,,,https://cdn.shopify.com/s/files/1/0852/6096/0021/files/Patakhaguddi.png?v=1759926906,1,"",false,,,3871,,,,,,,,,,,,,multicolor,,,retro-vintage; colorful; novelty,,printed,,art,,g,,,active
postcards-set-of-6,Postcards - Set of 6,"<p data-end=""251"" data-start=""28""><meta charset=""utf-8"">This <strong data-start=""71"" data-end=""101"">set of 6 postcards</strong> (size: <strong data-start=""109"" data-end=""127"">5.5 x 4 inches</strong>) is printed on <strong data-start=""143"" data-end=""168"">270gsm textured paper</strong></p>
<p>Each postcard features a unique, vibrant design -</p>
<p><em data-end=""325"" data-start=""307"">Make Art Not War</em><br data-end=""328"" data-start=""325""><em data-end=""344"" data-start=""331"">Bullet Rani</em><br data-end=""347"" data-start=""344""><em data-end=""366"" data-start=""350"">Mysore Mangoes</em><br data-end=""369"" data-start=""366""><em data-end=""383"" data-start=""372"">Bismillah</em><br data-end=""386"" data-start=""383""><em data-end=""402"" data-start=""389"">Happy Pride</em><br data-end=""405"" data-start=""402""><em data-end=""421"" data-start=""408"">The Sundari</em></p>",Maachis,Office Supplies > General Office Supplies > Paper Products > Post Cards,"","",true,Title,Default Title,,,,,,,,,0.0,,-2,deny,manual,1499.00,,true,false,,,,,"",https://cdn.shopify.com/s/files/1/0852/6096/0021/files/1.jpg?v=1759916983,1,"",false,,,3871,,,,,,,,,,,,,,,,retro-vintage; colorful; novelty,,printed,,,,g,,,active
postcards-set-of-6,,,,,,,,,,,,,,,,,,,,,,,,,,,,,,,,https://cdn.shopify.com/s/files/1/0852/6096/0021/files/2.jpg?v=1759916982,2,"",,,,,,,,,,,,,,,,,,,,,,,,,,,,,
postcards-set-of-6,,,,,,,,,,,,,,,,,,,,,,,,,,,,,,,,https://cdn.shopify.com/s/files/1/0852/6096/0021/files/3.jpg?v=1759916982,3,"",,,,,,,,,,,,,,,,,,,,,,,,,,,,,
postcards-set-of-6,,,,,,,,,,,,,,,,,,,,,,,,,,,,,,,,https://cdn.shopify.com/s/files/1/0852/6096/0021/files/5.jpg?v=1759916984,4,"",,,,,,,,,,,,,,,,,,,,,,,,,,,,,
postcards-set-of-6,,,,,,,,,,,,,,,,,,,,,,,,,,,,,,,,https://cdn.shopify.com/s/files/1/0852/6096/0021/files/61.jpg?v=1759916982,5,"",,,,,,,,,,,,,,,,,,,,,,,,,,,,,
postcards-set-of-6,,,,,,,,,,,,,,,,,,,,,,,,,,,,,,,,https://cdn.shopify.com/s/files/1/0852/6096/0021/files/8.jpg?v=1759916984,6,"",,,,,,,,,,,,,,,,,,,,,,,,,,,,,
postcards-set-of-6,,,,,,,,,,,,,,,,,,,,,,,,,,,,,,,,https://cdn.shopify.com/s/files/1/0852/6096/0021/files/9.jpg?v=1759916983,7,"",,,,,,,,,,,,,,,,,,,,,,,,,,,,,
maachis-x-sakre,Sakre X Maachis,"<p><meta charset=""utf-8"">It’s not just flipping beats - it’s flipping time itself. <a href=""https://www.instagram.com/sakremusic/"">@sakremusic</a> spins the retro sounds of South Indian cinema into a soundscape that feels both nostalgic and futuristic. No Raja was harmed while flipping these tracks.</p>
<div class=""product-accordion"">

<!-- Accordion Sections -->
<details>
<summary><strong>Materials</strong></summary>
<ul>
<li>Ivory-finished wood</li>
<li>Safety matches</li>
<li>Striking surface</li>
</ul>
</details>
<details open="""">
<summary><strong>Specifications</strong></summary>
<ul>
<li>Dual magnetic closures on both sides</li>
<li>Dimensions: 68mm × 48mm × 22mm</li>
<li>Includes two spare striker sheet</li>
</ul>
</details>
<details>
<summary><strong>Shipping</strong></summary>
<ul>
<li>Domestic delivery: 4–5 days after dispatch</li>
<li>International delivery: 15–20 days</li>
</ul>
<p><strong>Note for international orders:</strong> We can’t ship flammable materials across borders, so matchsticks won’t be included. You can refill with any regular-size matchsticks found at most local stores.</p>
</details>
<details>
<summary><strong>Care &amp; Safety</strong></summary>
<ul>
<li>Store at room temperature (20–25°C) - wood expands and contracts with humidity</li>
<li>Refill with any regular-size matchsticks once used up</li>
<li>Replace striker sheet when worn - peel and paste to reuse<br>
</li>
<li>Burn within sight. Keep away from combustibles, children, and pets</li>
</ul>
</details>
</div>",Maachis,Home & Garden,Matchboxes,"Handmade, Indian Matchboxes, Maachis, Vintage",true,Color,red,product.metafields.shopify.color-pattern,,,,,,,"",30.0,,-15,deny,manual,999.00,,true,false,,,,,"",https://cdn.shopify.com/s/files/1/0852/6096/0021/files/Handcrafted-matchboxes-sakre.png?v=1750310682,1,Raja-has-no-friends,false,,,,,,,,,,,,,,,,red; yellow,,,,,,,,,g,,,active
maachis-x-sakre,,,,,,,,,,,,,,,,,,,,,,,,,,,,,,,,https://cdn.shopify.com/s/files/1/0852/6096/0021/files/SakreXMaachis-Front.png?v=1750310750,2,Raja-has-no-friends,,,,,,,,,,,,,,,,,,,,,,,,,,,,,
maachis-x-sakre,,,,,,,,,,,,,,,,,,,,,,,,,,,,,,,,https://cdn.shopify.com/s/files/1/0852/6096/0021/files/SakreXMaachis-Side.png?v=1750310812,3,Raja-has-no-friends,,,,,,,,,,,,,,,,,,,,,,,,,,,,,
maachis-x-sakre,,,,,,,,,,,,,,,,,,,,,,,,,,,,,,,,https://cdn.shopify.com/s/files/1/0852/6096/0021/files/SakreXMaachis-back.png?v=1750310886,4,Raja-has-no-friends,,,,,,,,,,,,,,,,,,,,,,,,,,,,,
sundari-tshirt,Sundari Tee,"<p><img><meta charset=""utf-8""><span>Capitalism distorted beauty standards by idealizing fair skin and specific body types.<br>The Sundari, a reimagining of old matchbox art, celebrates Indian beauty by embracing its diversity.</span></p>
<p><span>Designed by <a href=""https://www.instagram.com/deeyasart/"" rel=""noopener"" target=""_blank"">@deeyasart</a></span></p>
<p><span><meta charset=""utf-8"">
<strong><strong data-start=""214"" data-end=""226"">Product Details:</strong><br data-start=""226"" data-end=""229""></strong>– Unisex oversized fit<br data-start=""251"" data-end=""254"">– 240 GSM<br data-start=""263"" data-end=""266"">– 100% cotton<br data-start=""279"" data-end=""282"" data-is-only-node="""">– Front brand patch &amp; back DTG print<br></span></p>",Maachis,Apparel & Accessories > Clothing > Clothing Tops > T-Shirts,Tshirts,"Indian Matchboxes, Maachis, Vintage",true,Color,black,product.metafields.shopify.color-pattern,Size,s,product.metafields.shopify.size,,,,,200.0,shopify,0,deny,manual,1799.00,,true,false,,,,,"",https://cdn.shopify.com/s/files/1/0852/6096/0021/files/1_e0859755-c4d5-42cb-91b3-25218775d4d8.png?v=1745414621,1,"",false,,,,,,,,,,,,,,,,black,,,,,,s; m; l,,,g,,,active
sundari-tshirt,,,,,,,,,black,,,m,,,,,"",200.0,shopify,0,deny,manual,1799.00,,true,false,,,,,"",https://cdn.shopify.com/s/files/1/0852/6096/0021/files/2_776faea9-cd5e-45ee-bf01-11a7594744ce.png?v=1745414621,2,"",,,,,,,,,,,,,,,,,,,,,,,,,,g,,,
sundari-tshirt,,,,,,,,,black,,,l,,,,,"",200.0,shopify,0,deny,manual,1799.00,,true,false,,,,,"",https://cdn.shopify.com/s/files/1/0852/6096/0021/files/3_53db60c4-3189-4e4f-8eef-c4da4b20bbb8.png?v=1745414621,3,"",,,,,,,,,,,,,,,,,,,,,,,,,,g,,,
sundari-tshirt,,,,,,,,,,,,,,,,,,,,,,,,,,,,,,,,https://cdn.shopify.com/s/files/1/0852/6096/0021/files/Size-chart-website.png?v=1745558969,4,"",,,,,,,,,,,,,,,,,,,,,,,,,,,,,
sundari-matchbox,The Sundari,"<p><meta charset=""utf-8"">Capitalism distorted beauty standards by idealizing fair skin and specific body types.The Sundari, a reimagining of old matchbox art, celebrates Indian beauty by embracing its diversity.</p>
<p><meta charset=""utf-8""><strong data-end=""528"" data-start=""515"">Design by</strong> <a href=""https://www.instagram.com/deeyasart"" class="""" data-end=""578"" data-start=""529"">@deeyasart</a></p>
<div class=""product-accordion"">

<!-- Accordion Sections -->
<details>
<summary><strong>Materials</strong></summary>
<ul>
<li>Ivory-finished wood</li>
<li>Safety matches</li>
<li>Striking surface</li>
</ul>
</details>
<details open="""">
<summary><strong>Specifications</strong></summary>
<ul>
<li>Dual magnetic closures on both sides</li>
<li>Dimensions: 68mm × 48mm × 22mm</li>
<li>Includes two spare striker sheet</li>
</ul>
</details>
<details>
<summary><strong>Shipping</strong></summary>
<ul>
<li>Domestic delivery: 4–5 days after dispatch</li>
<li>International delivery: 15–20 days</li>
</ul>
<p><strong>Note for international orders:</strong> We can’t ship flammable materials across borders, so matchsticks won’t be included. You can refill with any regular-size matchsticks found at most local stores.</p>
</details>
<details>
<summary><strong>Care &amp; Safety</strong></summary>
<ul>
<li>Store at room temperature (20–25°C) - wood expands and contracts with humidity</li>
<li>Refill with any regular-size matchsticks once used up</li>
<li>Replace striker sheet when worn - peel and paste to reuse<br>
</li>
<li>Burn within sight. Keep away from combustibles, children, and pets</li>
</ul>
</details>
</div>",Maachis,Home & Garden > Smoking Accessories,Matchboxes,"Handmade, Indian Matchboxes, Maachis, Vintage",true,Title,Default Title,,,,,,,,"",33.0,,-3,deny,manual,999.00,,true,false,,,,,"",https://cdn.shopify.com/s/files/1/0852/6096/0021/files/TheSundari-Front.png?v=1759232946,1,"",false,,,,,,,,,,,,,,,,,,,,,,,,,g,,,active
sundari-matchbox,,,,,,,,,,,,,,,,,,,,,,,,,,,,,,,,https://cdn.shopify.com/s/files/1/0852/6096/0021/files/TheSundari-Back.png?v=1759232946,2,"",,,,,,,,,,,,,,,,,,,,,,,,,,,,,
the-sundari,The Sundari Postcard,"<p>Capitalism distorted beauty standards by idealizing fair skin and specific body types.The Sundari, a reimagining of old matchbox art, celebrates Indian beauty by embracing its diversity.</p>
<p><!-- Accordion Sections --></p>
<div class=""product-accordion"">
<details open="""">
<summary><strong>Materials</strong></summary>
<ul>
<li>Textured Paper</li>
<li>RSW 270 GSM</li>
</ul>
</details>
<details open="""">
<summary><strong>Specifications</strong></summary>
<ul>
<li>Size: 5.5 x 4 inches</li>
</ul>
</details>
<details open="""">
<summary><strong>Shipping</strong></summary>
<ul>
<li>Domestic delivery: 4–5 days after dispatch</li>
<li>International delivery: 15–20 days</li>
</ul>
</details>
</div>",Maachis,Office Supplies > General Office Supplies > Paper Products > Post Cards,"","",true,Title,Default Title,,,,,,,,,0.0,,-1,deny,manual,250.00,,true,false,,,,,,https://cdn.shopify.com/s/files/1/0852/6096/0021/files/61.jpg?v=1759916982,1,"",false,,,3871,,,,,,,,,,,,,multicolor,,,retro-vintage; colorful; novelty,,printed,,art,,g,,,active
three-ekka-gift-matchbox,Three Ekka,"<p><meta charset=""utf-8""><meta charset=""utf-8""><span></span><span></span><span>Three Ekka (तीन एक्का) or three aces is the strongest hand you can get in Indian card games like teen patti. <br>The kind of hand that makes you rich and others bitch.</span><br></p>
<!-- Accordion Sections -->
<div class=""product-accordion"">
<details>
<summary><strong>Materials</strong></summary>
<ul>
<li>Ivory-finished wood</li>
<li>Safety matches</li>
<li>Striking surface</li>
</ul>
</details>
<details>
<summary><strong>Specifications</strong></summary>
<ul>
<li>Dual magnetic closures on both sides</li>
<li>Dimensions: 68mm × 48mm × 22mm</li>
<li>Includes two spare striker sheet</li>
</ul>
</details>
<details>
<summary><strong>Shipping</strong></summary>
<ul>
<li>Domestic delivery: 4–5 days after dispatch</li>
<li>International delivery: 15–20 days</li>
</ul>
<p><strong>Note for international orders:</strong> We can’t ship flammable materials across borders, so matchsticks won’t be included. You can refill with any regular-size matchsticks found at most local stores.</p>
</details>
<details>
<summary><strong>Care &amp; Safety</strong></summary>
<ul>
<li>Store at room temperature (20–25°C) - wood expands and contracts with humidity</li>
<li>Refill with any regular-size matchsticks once used up</li>
<li>Replace striker sheet when worn - peel and paste to reuse</li>
<li>Burn within sight. Keep away from combustibles, children, and pets</li>
</ul>
</details>
</div>",Maachis,Home & Garden > Household Supplies,"","Handmade, Indian Matchboxes, Maachis, Vintage",true,Title,Default Title,,,,,,,,,33.0,,63,continue,manual,999.00,,true,false,,,,,"",https://cdn.shopify.com/s/files/1/0852/6096/0021/files/Playing_cards_front.png?v=1759816296,1,"",false,,,,,,,,,,,,,,,,beige; red,,,,,,,,,g,,,active
three-ekka-gift-matchbox,,,,,,,,,,,,,,,,,,,,,,,,,,,,,,,,https://cdn.shopify.com/s/files/1/0852/6096/0021/files/Frame48097620_36074b49-182d-45a3-ac67-1b4aeedd5fe0.png?v=1759816296,2,"",,,,,,,,,,,,,,,,,,,,,,,,,,,,,
three-ekka-gift-matchbox,,,,,,,,,,,,,,,,,,,,,,,,,,,,,,,,https://cdn.shopify.com/s/files/1/0852/6096/0021/files/Three_ekka_back.png?v=1760538972,3,"",,,,,,,,,,,,,,,,,,,,,,,,,,,,,
three-ekka-gift-matchbox,,,,,,,,,,,,,,,,,,,,,,,,,,,,,,,,https://cdn.shopify.com/s/files/1/0852/6096/0021/files/Inside_the_box_d638663c-290e-4656-853e-c355baff479f.png?v=1760538972,4,"",,,,,,,,,,,,,,,,,,,,,,,,,,,,,
three-ekka,Three Ekka Postcard,"<p><span>Three Ekka (तीन एक्का) or three aces is the strongest hand you can get in Indian card games like teen patti. <br>The kind of hand that makes you rich and others bitch.</span></p>
<p><!-- Accordion Sections --></p>
<div class=""product-accordion"">
<details open="""">
<summary><strong>Materials</strong></summary>
<ul>
<li>Textured Paper</li>
<li>RSW 270 GSM</li>
</ul>
</details>
<details open="""">
<summary><strong>Specifications</strong></summary>
<ul>
<li>Size: 5.5 x 4 inches</li>
</ul>
</details>
<details open="""">
<summary><strong>Shipping</strong></summary>
<ul>
<li>Domestic delivery: 4–5 days after dispatch</li>
<li>International delivery: 15–20 days</li>
</ul>
</details>
</div>",Maachis,Office Supplies > General Office Supplies > Paper Products > Post Cards,"","",true,Title,Default Title,,,,,,,,,0.0,,-1,deny,manual,250.00,,true,false,,,,,,https://cdn.shopify.com/s/files/1/0852/6096/0021/files/Threeekka_50d6cd66-f509-40b6-8479-4158318a3391.png?v=1761754570,1,"",false,,,3871,,,,,,,,,,,,,multicolor,,,retro-vintage; colorful; novelty,,printed,,art,,g,,,active
zakir-hussain,Zakir Hussain,"<p><meta charset=""utf-8"">Zakir Hussain was a revolutionary who shaped percussion as a global language. The soul of Shakti and the pulse behind Ravi Shankar's iconic sound—this is our tribute to the maestro who played beats with heart, right into ours.</p>
<div class=""product-accordion"">

<!-- Accordion Sections -->
<details>
<summary><strong>Materials</strong></summary>
<ul>
<li>Ivory-finished wood</li>
<li>Safety matches</li>
<li>Striking surface</li>
</ul>
</details>
<details open="""">
<summary><strong>Specifications</strong></summary>
<ul>
<li>Dual magnetic closures on both sides</li>
<li>Dimensions: 68mm × 48mm × 22mm</li>
<li>Includes two spare striker sheet</li>
</ul>
</details>
<details>
<summary><strong>Shipping</strong></summary>
<ul>
<li>Domestic delivery: 4–5 days after dispatch</li>
<li>International delivery: 15–20 days</li>
</ul>
<p><strong>Note for international orders:</strong> We can’t ship flammable materials across borders, so matchsticks won’t be included. You can refill with any regular-size matchsticks found at most local stores.</p>
</details>
<details>
<summary><strong>Care &amp; Safety</strong></summary>
<ul>
<li>Store at room temperature (20–25°C) - wood expands and contracts with humidity</li>
<li>Refill with any regular-size matchsticks once used up</li>
<li>Replace striker sheet when worn - peel and paste to reuse<br>
</li>
<li>Burn within sight. Keep away from combustibles, children, and pets</li>
</ul>
</details>
</div>",Maachis,Home & Garden > Household Supplies,"","Handmade, Indian Matchboxes, Maachis, Vintage",true,Title,Default Title,,,,,,,,,33.0,,-15,deny,manual,799.00,999.00,true,false,,,,,,https://cdn.shopify.com/s/files/1/0852/6096/0021/files/Zakir-Hussain-Tabla_Maestro.png?v=1751907186,1,"",false,,,,,,,,,,,,,,,,beige; red,,,,,,,,,g,,,active
zakir-hussain,,,,,,,,,,,,,,,,,,,,,,,,,,,,,,,,https://cdn.shopify.com/s/files/1/0852/6096/0021/files/Zakir-Hussain-Tabla-Maestro-front.png?v=1751907186,2,Zakir-Hussain,,,,,,,,,,,,,,,,,,,,,,,,,,,,,
zakir-hussain,,,,,,,,,,,,,,,,,,,,,,,,,,,,,,,,https://cdn.shopify.com/s/files/1/0852/6096/0021/files/Jakir-Hussain-Tabla-Maestro.png?v=1751907186,3,Jakir-Hussain-Tabla-Maestro,,,,,,,,,,,,,,,,,,,,,,,,,,,,,
zakir-hussain,,,,,,,,,,,,,,,,,,,,,,,,,,,,,,,,https://cdn.shopify.com/s/files/1/0852/6096/0021/files/Jakir-Hussain-Tabla-Maestro-back.png?v=1751907186,4,Jakir-Hussain-Tabla-Maestro,,,,,,,,,,,,,,,,,,,,,,,,,,,,,
zakir-hussain-1,Zakir Hussain Postcard,"<p>Zakir Hussain was a revolutionary who shaped percussion as a global language. The soul of Shakti and the pulse behind Ravi Shankar's iconic sound—this is our tribute to the maestro who played beats with heart, right into ours.</p>
<p><!-- Accordion Sections --></p>
<div class=""product-accordion"">
<details open="""">
<summary><strong>Materials</strong></summary>
<ul>
<li>Textured Paper</li>
<li>RSW 270 GSM</li>
</ul>
</details>
<details open="""">
<summary><strong>Specifications</strong></summary>
<ul>
<li>Size: 5.5 x 4 inches</li>
</ul>
</details>
<details open="""">
<summary><strong>Shipping</strong></summary>
<ul>
<li>Domestic delivery: 4–5 days after dispatch</li>
<li>International delivery: 15–20 days</li>
</ul>
</details>
</div>",Maachis,Office Supplies > General Office Supplies > Paper Products > Post Cards,"","",true,Title,Default Title,,,,,,,,,0.0,,0,deny,manual,250.00,,true,false,,,,,,https://cdn.shopify.com/s/files/1/0852/6096/0021/files/zakir.jpg?v=1761755277,1,"",false,,,3871,,,,,,,,,,,,,multicolor,,,retro-vintage; colorful; novelty,,printed,,art,,g,,,active
